{"cameraMode":{"drawMode":0,"name":"Shaded","section":"Shading Mode"},"sceneLighting":true,"audioPlay":false,"sceneViewState":{"showFog":true,"showMaterialUpdate":false,"showSkybox":false,"showFlares":true,"showImageEffects":true,"showParticleSystems":true},"in2DMode":false,"pivot":{"x":0.0,"y":1.5199998617172242,"z":1.908000111579895},"rotation":{"x":-0.009513330645859242,"y":-0.9903897643089294,"z":-0.08937586098909378,"w":0.10528260469436646},"size":17.896240234375,"orthographic":true}