{"cameraMode":{"drawMode":0,"name":"Shaded","section":"Shading Mode"},"sceneLighting":true,"audioPlay":false,"sceneViewState":{"showFog":true,"showMaterialUpdate":false,"showSkybox":true,"showFlares":true,"showImageEffects":true,"showParticleSystems":true},"in2DMode":false,"pivot":{"x":-0.019999980926513673,"y":1.1766294240951539,"z":0.08800005912780762},"rotation":{"x":0.07509578764438629,"y":0.9122415781021118,"z":-0.19610868394374848,"w":0.352584570646286},"size":3.881608247756958,"orthographic":true}