{"cameraMode":{"drawMode":0,"name":"Shaded","section":"Shading Mode"},"sceneLighting":false,"audioPlay":false,"sceneViewState":{"showFog":true,"showMaterialUpdate":false,"showSkybox":false,"showFlares":true,"showImageEffects":true,"showParticleSystems":true},"in2DMode":false,"pivot":{"x":0.07403597235679627,"y":4.307397842407227,"z":3.088505983352661},"rotation":{"x":0.8364098072052002,"y":0.009038260206580162,"z":-0.013803277164697647,"w":0.5478678941726685},"size":1.0768928527832032,"orthographic":true}