{"cameraMode":{"drawMode":0,"name":"Shaded","section":"Shading Mode"},"sceneLighting":true,"audioPlay":false,"sceneViewState":{"showFog":true,"showMaterialUpdate":false,"showSkybox":true,"showFlares":true,"showImageEffects":true,"showParticleSystems":true},"in2DMode":false,"pivot":{"x":-0.6369038820266724,"y":22.251848220825197,"z":1.2858182191848755},"rotation":{"x":0.6813869476318359,"y":-0.06533677875995636,"z":0.060280997306108478,"w":0.7269330024719238},"size":13.871356964111329,"orthographic":true}