{"cameraMode":{"drawMode":0,"name":"Shaded","section":"Shading Mode"},"sceneLighting":false,"audioPlay":false,"sceneViewState":{"showFog":true,"showMaterialUpdate":false,"showSkybox":false,"showFlares":true,"showImageEffects":true,"showParticleSystems":true},"in2DMode":false,"pivot":{"x":0.21248960494995118,"y":1.8165969848632813,"z":2.7810604572296144},"rotation":{"x":-0.26006487011909487,"y":0.5067787170410156,"z":-0.16362659633159638,"w":-0.8054631352424622},"size":3.7879788875579836,"orthographic":false}