{"cameraMode":{"drawMode":0,"name":"Shaded","section":"Shading Mode"},"sceneLighting":true,"audioPlay":false,"sceneViewState":{"showFog":true,"showMaterialUpdate":false,"showSkybox":true,"showFlares":true,"showImageEffects":true,"showParticleSystems":true},"in2DMode":false,"pivot":{"x":-0.019999980926513673,"y":0.4985058307647705,"z":0.08800005912780762},"rotation":{"x":0.03898672014474869,"y":0.9085776209831238,"z":-0.40739741921424868,"w":0.08718964457511902},"size":1358.4808349609375,"orthographic":true}